Cleanser for Normal Skin,120ml,29€,"Kevyesti vaahtoutuva puhdistusgeeli joka samanaikaisesti puhdistaa sekä kosteuttaa ihoa. Puhdistaa hellävaraisesti meikin, jopa vedenkestävän maskaran sekä aurinkovoiteen jäämät kuivattamatta ihoa. Raikas koostumus elvyttää ihoasi antioksidanttisella limettiöljyllä sekä hydrolysoidulla kauraproteiinilla. Ihosi tuntuu puhdistuksen jälkeen pehmeän kosteutetulta ja täydellisen puhtaalta. Soveltuu myös herkälle iholle"
Mineral Cream Cleanser,120ml,42€,"Savipohjainen ja vaahtoamaton puhdistusvoide joka vetää magneetin tavoin puoleensa epäpuhtauksia, samalla imeyttäen ihoosi merkittävästi lisää kosteutta. Mineraalipitoinen savi imee itseensä lian, öljyn, ilmansaasteet sekä aurinkosuojan jäämät, tehden ihohuokosistasi ylivoimaisen puhtaita. Hienojakoinen savi kuorii lempeästi ja aktivoi ihosolujen uudistumista, joka säännöllisellä käytöllä ylläpitää ihon tasaista pintarakennetta, kimmoisuutta sekä valovoimaisuutta. Estää tehokkaasti ihon tukkeutumiseen johtavaa pintakuivuutta sekä hilseilyä"
Antibacterial Cleanser,120ml,"29,90€","Antibakteerinen ja kosteuttava puhdistusgeeli joka auttaa tehokkaasti vähentämään epäpuhtauksia sekä mustapäiden syntymistä. Virkistävä ja kevyesti vaahtoutuva koostumus syväpuhdistaa huokosia ja poistaa hellävaraisesti tukkeumia aiheuttavaa kuollutta ihosolukkoa, epäpuhtauksia ja aknea aiheuttavia p.acnes bakteereja, jättäen ihosi tuntumaan raikkaalta ja puhdistetulta. Täydellinen valinta etenkin silloin, kun ihoa vaivaavat satunnaiset epäpuhtaudet, talitukkeumat, mustapäät tai komedoakne"
Bacteriostat Cleanser,120ml,"29,90€","Antibakteerinen ja rauhoittava puhdistusgeeli erityisesti tulehtuneelle akneiholle, joka auttaa merkittävästi vähentämään märkänäppylöiden syntymistä. Kevyesti viilentävä puhdistusgeeli puhdistaa hellävaraisesti epäpuhtauksia, kuona-aineita ja aknea aiheuttavia p.acnes bakteereja, jättäen ihosi tuntumaan puhdistetun raikkaalta sekä rauhoitetulta. Täydellinen tulehtuneen aknen ja ruusufinnin hoitoon, sillä säännöllinen käyttö laskee ihon tulehdustiloja, kuumotusta sekä punoittavia leimahdusreaktioita"
Refreshing Toner,120ml,"31,20€","Tehonesteyttäjä ja kasvovesi yhdessä tuotteessa. Täysin alkoholiton koostumus on rikastettu ihoa uudistavilla vitamiineilla, aminohapoilla sekä luontaisilla kosteustekijöillä, jotka auttavat ylläpitämään ihon kosteustasapainoa sekä fysiologisia toimintoja. Rauhoittava, uudistava ja suojaava Refreshing Toner saa ihosi tuntumaan jälleen mehukkaan nesteytetyltä, joka auttaa maksimoimaan myös muiden hoitotuotteiden imeytymistä sekä tehoa"
Calming toner,120 ml,34€,"Ihoa nesteyttävä ja punoitusta rauhoittava kasvovesi yhdessä tuotteessa. Kehitetty erityisesti akneen, aknevaurioihin, ruusufinniin ja couperosaan taipuvaiselle iholle. Täysin alkoholiton koostumus on rikastettu anti-inflammatoorisilla aktiiveilla sekä uudistavilla vitamiineilla, aminohapoilla ja luontaisilla kosteustekijöillä, jotka auttavat ylläpitämään ihon kosteustasapainoa. Vain muutamalla suihkauksella ihosi tuntuu jälleen rauhoitetulta ja vähemmän punoittavalta"
Moisture Complex,65ml,"38,70€","Formuloitu erityisesti epäpuhtauksiin ja akneen taipuvaiselle ihotyypille. Tämä kevyt ja intensiivisesti kosteuttava emulsiovoide pitää ihosi tasapainossa, hyvinvoivana sekä rauhoitettuna. Tarkkaan yhdistetty sekoitus antibakteerisia ja antioksidanttisia kasviuutteita rauhoittavat ihoa sekä estävät uusien epäpuhtauksien muodostumista. Nopeasti imeytyvä kasvovoide kuljettaa ihoon korkean määrän nesteyttävää kosteutta, parantaa ihon puhtautta sekä vastustuskykyä, tasapainottaa talintuotantoa ja ehkäisee ihohuokosten tukkeutumista sekä laajenemista"
Titanium Dioxide Suncream SPF 35,60 ml,"38,90€","Täysin fysikaalinen sinkki - ja titaanidioksidi pohjainen (non-nano) päivävoide, joka suojaa ja samanaikaisesti kosteuttaa jopa herkintä ihotyyppiä - ilman iholle jäävää valkoista kalvoa. Voiteen samettisen sileä koostumus tarjoaa tehokkaan sekä laajavaikutteisen UVA / UVB-suojan, samalla suojaten ihoasi vapaiden radikaalien ja oksidatiivisen stressin aiheuttamilta vaurioilta. Täynnä fysikaalista suojaa tehostavia voimakkaita antioksidanttisia uutteita, edistämään ihon nuorekasta ilmettä. Voide sopii käytettäväksi myös herkästi tukkeutuvalle ja akneen taipuvaiselle ihotyypille"
Ultra Moisture Renewal,30 ml,"38,70€","Tämä silkkimäisen kevyt mutta intensiivisesti kosteuttava kasvovoide on pakattu täyteen ihoa uudistavia antioksidantteja, vitamiineja sekä nesteyttävää hyaluronihappoa. Syväkosteuttava ja ihon tasapainoista sävyä ylläpitävä kasvovoide palauttaa ihollesi välittömästi lisää täyteläisyyden, kimmoisuuden sekä kiinteyden tuntua, hälventäen samalla hienojen juonteiden muodostumista"
Bio-Essence Calcium Complex Day & Night,30 ml,"32,70€","Tämä ravitseva ja kosteuttava kasvovoide on kehitetty rauhoittamaan ja torjumaan herkän ihon yleisimpiä tunnusmerkkejä - ärsytystä, punoitusta, kuivuuden ja kiristyksen tunnetta sekä ihon luontaisen suojakerroksen heikentymistä, joka altistaa ihoa entisestään edellä mainituille herkkyystiloille. Voiteen neurosensorisesti vaikuttava kalsium rauhoittaa hetkessä ihon punoituksen, kuumotuksen ja epämukavan tunteen, rakentaen samalla iholle vahvempaa suojaa ulkoisia ärsykkeitä vastaan. Kehitetty päivä - ja yövoiteeksi"
Intense Moisturizer & Eye Cream,30ml,"34,80€",Tämä palauttava ja täyteläinen voide tarjoaa kuivalle iholle välitöntä mukavuuden sekä pehmeyden tuntua. Erittäin hellävarainen koostumus sisältää monipuolisen yhdistelmän iholle luontaisia kosteustekijöitä sekä voitelevan lipidikompleksin kylmäpuristetuista öljyistä jotka paikkaavat kuivan ihon puutteita tehokkaasti. Täydellinen päivittäinen kosteusvoide kuivalle ja herkälle iholle. Voiteen intensiivisesti ravitseva koostumus estää kuivalle iholle haitallista kosteuden haihtumista ja auttaa paikkaamaan ihoa suojaavaa lipidikerrosta. Soveltuu käytettäväksi myös herkälle silmänympärysiholle
Vitamin C + Calcium Complex,30 ml,52€,"Päivittäin käytettävä päivävoide, joka auttaa asteittain kirkastamaan sekä tasoittamaan ihon sävyä.Formuloitu feruliini -, L-askorbiini ja maitohappojen yhdistelmällä, tämä heleyttävä päivävoide ylläpitää ihon uudistumista, tasapainottaa melaniinituotantoa, korjaa epätasaista sävyä ja pigmenttimuutoksia sekä stimuloi tehokkaasti kimmoisuutta palauttavaa kollageenin tuotantoa. Voiteen neurosensorisesti vaikuttava kalsium rauhoittaa hetkessä ihon punoitusta ja couperosa muutoksia, rakentaen samalla iholle vahvempaa suojaa ulkoisia ärsykkeitä vastaan"
Youthful Eyes Peptide Cream,15 ml,28 €,"Ultra-liftaava silmänympärysvoide joka rentouttaa ilmejuonteiden muodostumista ja laskee turvotusta aktivoimalla nestekiertoa. Teknologisesti edistynyt koostumus on pakattu täyteen korkealuokkaisia peptidejä sekä hyaluronihappoa, jotka tasoittavat hienoja juonteita ja ryppyjä, laskevat turvotusta sekä kirkastavat silmänympärysalueen tummuutta. Tämä voide on ratkaisusi kaikkiin silmänympärysalueesi ongelmiin"
Oil Free Moisturizing Gel,60 ml,39€,"Kevyt ja virkistävä tehokosteuttaja, joka tuo ihollesi kuin aallon lailla sen kaipaamaa syväkosteutusta. Ainutlaatuinen ihon nuorekkuutta tukeva geeli, joka sisältää voimakkaita luonnollisia kosteustekijöitä, antioksidantteja sekä aminohappoja, jotka auttavat ylläpitämään ihon puhtautta, häivyttämään pigmenttimuutoksia ja edistämään ihon tasaista sekä kimmoisaa pintarakennetta. Nopeasti imeytyvä öljytön geelikoostumus kosteuttaa ja ravitsee ihoa, jättämättä sitä rasvaisen tuntuiseksi"
Brilliance Face Oil,60ml,"29,80€","Ylellinen ja bioaktiivinen hoitoöljy kasvoille. Tämä öljy sisältää seerumin tavoin vitamiinien ja antioksidanttipitoisten fytoravinteiden lähteen, jotka auttavat uudistamaan elotonta ihoa ja palauttamaan sille nuorekasta elinvoimaa. Nopeasti imeytyvä koostumus jättää ihosi välittömästi säkenöivän hehkuvaksi ja pehmeän tuntuiseksi. Käytä öljyä sellaisenaan, yhdistettynä suosikkivoiteeseesi, kasvohierontaan tai double-cleansing metodiin puhdistamaan kasvosi meikistä ja aurinkovoiteesta pitkän päivän jälkeen"
Line Reducing Complex,30ml,"49,80€","Tässä voiteessa yhdistyy älykäs peptidipohjainen “blurraava” vaikutus, joka rentouttaa pinnalliset ilmejuonteet ja luo iholle kauniin sileän soft-focus vaikutuksen. Voiteen aktiiviset ainesosat elvyttävät hidastunutta solutoimintaa, ehkäisten ihon pintajuonteikkuutta sekä sarveistumista. Kevyesti viilentävä ja nestekiertoa aktivoiva vaikutus palauttaa iholle välittömästi täyteläisyyttä, kirkkautta sekä tasaista tekstuuria"
Collagen Revival Serum,30 ml,"89,30€","Monitasoinen tehoseerumi joka toimii solutasollaaktivoiden tehokkaasti kollageeni -, elastiini - ja sytokiinisynteesiä jotka huolehtivat ihon kimmoisuudesta sekä vahvasta rakenteesta. Seerumin tiivistetty koostumus on todellinen ihon ennenaikaista ikääntymistä ehkäisevä cocktail, täynnä aktiivisia antioksidantteja ja anti-inflammatorisia ainesosia, jotka ravitsevat ihoa ja tasoittavat samalla näkyviä juonteita. Vähentämällä nopeasti ja dramaattisesti ryppyjen näkyvyyttä, tämä nesteyttävä seerumi palauttaa ihollesi sen elinvoiman ja heleyden - samalla vahvistaen ihon pintakerrosta, stimuloimalla luontaisen kollageenin tuotantoa sekä suojaamalla soluja oksidatiivisen stressin aiheuttamilta vaurioilta"
Mandelic Serum 8%,30 ml,52€,"Tämä uuden sukupolven yöhoitoon perustuva uudistava seerumi sisältää korkean pitoisuuden manteli - ja azelaiinihappoa, jotka auttavat kuorimaan iholta kuollutta solukkoa sekä torjumaan pigmenttiläiskiä, melasmaa, laajentuneita ihohuokosia, ihon epätasaista pintarakennetta ja mustapäitä. Iholle hellävaraiset hedelmähapot puhdistavat huokoset ja liuottavat ihon pinnalla olevat sidokset, jotka sitovat itseensä sameaa kuollutta solukkoa - paljastaen alta näkyvästi tasaisemman ja säteilevän kauniin ihopinnan. Soveltuu myös herkemmälle iholle.3 in 1; Anti-age - Anti-acne - Anti-pigmentation- teho yhdessä monipuolisessa seerumissa"
Vitamin A + Antioxidant Complex Serum,30 ml,"37,20€","Tehokas antioksidanttinen ja ihoa ärsyttämätön tehoseerumi hyödyntää A-vitamiinin kuorivaa ja uudistavaa vaikutusta. Tasoittaa juonteita, arpeutumista sekä epätasaista ihon sävyä, torjuu satunnaisia epäpuhtauksia ja taistelee ikääntymisen merkkejä vastaan - tuloksena kiinteämmän, kirkkaamman ja nuorekkaamman näköinen iho. Parhaiden tulosten saavuttamiseksi käytä seerumia ennen nukkumaanmenoa, solujen öisen uudistumisprosessin vauhdittamiseksi. Heräät näin aamuisin aina pehmeän, joustavan ja säteilevän elinvoimaisen ihon kanssa"
Pure Hydration Serum,30 ml,"54,40€","Erittäin tiivistettyjä hyaluronimolekyylejä sekä kosteudensitomista tehostavaa antioksidanttista glukonolaktonia täyteen pakattu tehoseerumi tarjoaa ihollesi sen kaipaamaa intensiivistä nesteytystä. Silkkimäisesti ihoon imeytyvä koostumus saa ihosi näkyvästi pehmeämmäksi, sileämmäksi ja nuorekkaammaksi. Ilmiömäisen tehokkaasti hydrofiilinen hyaluronihappo houkuttelee ja sitoo itseensä jopa 1000-kertaisesti molekyylipainonsa verran vettä, tuoden iholle pitkäkestoista nesteytystä ja kasvattaen samalla ihosolujen tilavuutta, joka tuottaa kiinteyttävän ja täytelöittävän “Plumping”- vaikutuksen"
Fruit Enzyme Scrub,120 ml,"29,80€","Tämän kaksitehoisen kuorintageelin erityinen koostumus sisältää sekä fysikaalisia että entsymaattisia kuorivia ainesosia. Ananasentsyymit torjuvat ihon elottomuutta, kuivuutta ja epätasaista ihon sävyä sekä rakennetta. Entsyymit irrottavat hellävaraisesti kuolleen ihosolukon, paljastaen alta kauniin tasapainoisen ja säteilevän ihokerroksen ilman kuivattavaa vaikutusta. Tämän syvävaikutteisen entsymaattisen vaikutuksen ohella tuotteen sisältämät pienet jojobahelmet tarjoavat hoitoa tehostavan fysikaalisen kuorinnan"
Cucumber Scrub,125 ml,27€,"Tämä fysikaalisesti toimiva kuorintageeli saa ihosi tuntumaan jälleen sileältä ja pehmeältä.Geelin sisältämät jojobahelmet kuorivat ihohuokosiin kerääntyneitä kuona-aineita ja talia sekä ihon pinnalla olevaa sameaa kuollutta solukkoa, paljastaen alta puhtaan säteilevän ihon vain muutamissa sekunneissa. Edistää pintaverenkiertoa ja hapenottokykyä, joka nopeuttaa entisestään kuona-aineiden sekä epäpuhtauksien puhdistumista iholtasi"
Peel pads,50 kpl,49€,"Ihoa lempeästi kuorivat laput, jotka kirkastavat ja tasapainottavat ihon sävyä, ylläpitävät huokosten puhtautta ja tasoittavat ihon pintarakennetta. Kuorintalaput sisältävät 5% happoyhdistelmän manteli-, maito - ja azelaiinihaposta. Säännöllisellä käytöllä ylläpidät ihon kimmoisaa joustavuutta ja ehkäiset epäpuhtauksien sekä pintakuivuuden muodostumista. Kehitetty epäpuhtauksiin ja akneen taipuvaisen ihon hoitoon"
Softening Repair Mask,65 ml,"42,40€","Tämä monitehoinen naamio auttaa puhdistamaan ihon epäpuhtaudet ja palauttamaan sen tasapainoisen harmonian. Pehmeän täyteläinen savipohjainen voidenaamio rauhoittaa nopeasti punoituksen sekä ihoärsytyksen. Koostumuksen hoitavat kasviuutteet - ja öljyt vähentävät välittömästi ihon kutinaa ja epämukavaa tunnetta, torjuen samalla tulehduksia ja täydentäen ihon luontaista kosteussäilöä - jättäen kasvosi tuntumaan jälleen pehmeältä, joustavalta ja kosteutetulta. Täydellinen hoitonaamio kaikille ihotyypeille, jotka kaipaavat erityistä huolenpitoa"
Green Tea Clay Poultice,65 ml,45€,"Tämä syväpuhdistava ja detoksoiva naamio on välttämätön kaikille ihotyypeille, jotka ovat taipuvaisia akneen, epäpuhtauksiin ja ihon tukkoisuuteen. Ultra-imukykyinen savipohja toimii magneetin tavoin, vetäen puoleensa ylimääräistä öljyä, bakteereja ja epäpuhtauksia. Puhdistavaa vaikutusta tehostaa myös mineraalirikkaan saven kyky imeytyä syvälle huokosiin, puhdistaen ja vetäen mukanaan toksiinit sekä niihin kerääntyneet kuona-aineet. Naamioon lisätty rikki rauhoittaa nopeasti aknetulehduksia, punoitusta sekä ärsytystä ja taistelee tehokkaasti aknebakteereita vastaan.Tuotteen säännöllisellä käytöllä pidät täydellisesti hallinnassa aknen oireet ja ennaltaehkäiset uusien epäpuhtauksien sekä mustapäiden syntymistä"
Inhibiting Gel,60 ml,"37,20€","Tämä tiivistetyn tehon sisältämä aknenhoitogeeli on pakattu täyteen tulehduksia rauhoittavia aktiiviaineita, mineraaleja sekä antioksidantteja. Ainutlaatuinen ihon vastustuskykyä stimuloiva hoitogeeli rauhoittaa ja nopeuttaa syvempien aknetulehdusten sekä kystisten muutosten hallintaa merkittävästi. Tuote hoitaa ja ennaltaehkäisee myös aknearpien - sekä tulehdusten aiheuttamien pigmenttimuutoksien muodostumista"
Salicylic Glycolic Gel,60ml,"38,60€","Tämä kehittynyt ja antibakteerinen hoitogeeli saa tehonsa AHA/BHA-yhdistelmästä, eli glykoli - ja salisyylihaposta, jotka auttavat liuottamaan ja syväpuhdistamaan huokosissa esiintyviä tukkeumia. Nopeasti imeytyvä, aknebakteereita tuhoava geeli kuorii ja estää tukkivan ihosolukon muodostumista, joka auttaa pitämään ihohuokoset avoimena sekä puhtaana. Täydellinen anti-inflammatoorinen hoitotuote iholle, jolla on taipumus satunnaisiin talitukkeumiin, umpikomedoihin tai komedoakneen"
Follicle Clearing Lotion,60 ml,"38,60€","Tämä kehittynyt ja antibakteerinen paikallishoitoneste auttaa tehokkaasti minimoimaan aknetulehduksia. Tarkkaan valitut potentit kasviuutteet laskevat huokosista tulehdusreaktioita ja tuhoavat iholta aknea aiheuttavia bakteereja. Nopeasti imeytyvä neste puhdistaa ihohuokoset kuona-aineista ja märkänäppylöitä aiheuttavista lipideistä, ilman kuivattavaa vaikutusta. Täydellinen hoitotuote iholle, jolla on taipumus aknetulehduksiin, märkänäppylöihin tai ruusufinniin. Laskee nopeavaikutteisesti tulehduksia, huokosten turvotusta sekä punoittavia leimahdusreaktioita"
Blackhead Whitehead Controller,36 ml,37€,"Hellävaraisesti kuoriva ja tiivistetty täsmähoitoseerumi, joka edistää aktiivisesti ihosolujen uudistumista, paljastaen alta nähtävästi kirkkaamman ja tasaisemman pinnan. Ainutlaatuinen hoitotuote vapauttaa ihohuokoset tukkeumista ja ihon pinnalle kerääntyneestä kuolleesta solukosta, pitäen näin mustapäät ja miliumit tiukasti loitolla. Tehokas päivittäin käytettävä koostumus, joka perustuu talia ja keratinisoitunutta sarveismassaa sulattaviin lempeisiin marja - ja hedelmäentsyymeihin. Soveltuu käytettäväksi myös herkälle iholle"
Gentle Cleansing Melt,30ml/120ml,"7,90€/21,50€","Tuote on pehmeytensä vuoksi erinomainen puhdistusbalmi normaalille ja kuivalle iholle. Puhdas, rauhoittava ja miellyttävä puhdistus normaalille ja kuivalle iholle. Luonnolliset sokeri-uutteet yhdessä veden kanssa muuttavat kirkkaan balsamin maitomaiseksi koostumukseksi, joka puhdistaa ihon jättäen sen rauhoitetuksi ja kosteutetuksi. Ravitseva baobaböljy rauhoittaa ja kosteuttaa ihoa. Tämä täysin luonnollinen, saippuaton puhdistusgeeli on herkästi hajustettu hypoallergeenisella luomu vaniljalla ja ruusulla ja sitä voidaan käyttää kuuman kankaan kanssa kasvoilla lisähemmotteluksi"
Daily Detox Facial Wash,100 ml,"16,90€","Luonnollinen kasvojen puhdistusgeeli poistaa hellävaraisesti meikin ja lian. Tuotteen koostumus sopii rasvoittuvalle, seka-iholle ja normaali-iholle. Luonnolliset sokerit puhdistavat pois epäpuhtauksia, luomu papaija-entsyymit kuorivat ja luomu aloe vera pehmentää, jättäen ihon puhtaaksi ja sileäksi. Luonnollinen gojimarjauute suojaa ilmansaasteilta. Puhdistusgeelin tuoksu tulee tuoreesta luonnon aloe verasta"
Liquid Crystal Micellic Cleanser,30ml/100ml,"9,90€/19,90€","Liquid Crystal 2-in-1 misellivesi on täydellinen kasvovesi! Se sisältää tehokasta hyaluronihappoa ja kosteuttavaa granaattiomenauutetta. Misellivesi puhdistaa kasvoilta lian samalla kun hyaluronihappo lukitsee vettä ihoon ja antaen iholle sen tarvitsemia ravinteita. Kosteuttava granaattiomenauutte pehmentää ja antaa tehokasta kosteutusta iholle. Evolven misellivesi toimii kasvovetenä, joka puhdistaa, poistaa meikin, ravitsee ja kosteuttaa samanaikaisesti"
Daily Defece Moisture Mist,30ml/100ml,"9,90€/24,90€","Daily Defence prebioottinen kasvosuihke on tehokkaasti kosteuttava ja rauhoittava kasvosuihke kasvoille. Sopii virkistämään ihoasi aamuin-illoin ja vaikka keskellä päivää. Daily Defence kasvosuihkeella voit jopa kiinnittää meikin ihollesi. Kasvosuihke sisältää kaktusviikunauutetta, joka rauhoittaa ärtynyttä ihoa, samalla kiinteyttäen, suojaten ja parantaen ihon kosteuspitoisuutta. Prebiootit auttavat vahvistamaan ja tasapainottamaan ihon mikrobiomia ja suojaamaan ihoa ulkoisilta stressitekijöiltä. Hyaluronihappo tunnetaan sen uskomattoman tehokkaasta kyvystä sitoa kosteutta itseensä, jopa 1000 kertaisesti omaan painoonsa nähden. Hyaluronihappo silottaa ryppyjä tehden ihosta nuorekkaan näköisen sekä parantaa ihon väriä. Virkistävä appelisiininkukan ja ruusuveden tuoksu"
Liquid Radiance Glycolic Toner,100 ml,"23,50€","Kasvovesi sisältää tehokkaan sekoituksen AHA ja BHA -happoja, jotka kuorivat ihon hellävaraisesti tehden siitä kirkkaan ja samettisen pehmeän. AHA -hapot kuten glykolihappo (sokeriruo'osta), omenahappo ja sitruunahappo sekä BHA-hapot kuten pajusta saatava salisyylihappo kuorivat ihon tehokkaasti mutta hellävaraisesti. Kasvoveden kevyt tuoksu on peräisin luomuappelsiininkukkavedestä.Ihon säännöllinen kuorinta AHA- ja BHA -hapoilla tehostaa ihon luonnollista uusiutumista ja auttaa muiden kosmetiikkatuotteiden aktiiviaineita imeytymään paremmin ihon syvimpiin kerroksiin, jossa ne pääsevät vaikutamaan parhaalla mahdollisella tavalla. Lisäksi nämä tehokkaat hapot auttavat kirkastamaan ja tasoittamaan ihonsävyä sekä häivyttämään pigmenttimuutoksia ja aknen tai muiden epäpuhtauksien aiheuttamia arpia"
Daily Renew Facial Cream,30ml/60ml,"15,90€/28,90€","Uudistava kasvovoide ikääntyvälle iholle palauttaa kasvojen kimmoisuuden ja kosteustasapainon puhtaiden luomuöljyjen avulla. Sopii normaalista kuivalle ihotyypille. Hienovaraisesti hajustettu rauhoittavalla hypoallergeenisella vaniljalla & luonnollisella kookoksen tuoksulla. Kasvovoide elvyttää tehokkaasti väsynyttä ja kuivaa ihoa. Se parantaa ihonsävyä, tehden ihosta eloisamman. Pieni määrä tuotetta levittyy kasvoille ja kaulalle hyvin. Hienovaraisesti hajustettu rauhoittavalla hypoallergeenisella vaniljalla & luonnollisella kookoksen tuoksulla. Sisältää luonnollisesti ryppyjä vähentävää hyaluronihappoa sekä E-vitamiini- ja rasvahappopitoista arganöljyä"
Multi Peptide 360 Moisture Cream,30ml/60ml,"16,90€/31,90€","Evolve tukee positiivista ikääntymis filosofiaa Age Smarter 360 -konseptillaan.Huolehdimme ihosta luonnollisesti jokaisessa elämänvaiheessa, työskentelmällä aktiivisesti kehon kanssa tukien viehättävää ikääntymistä.Tämä uusi tehokas anti-age voide on täynnä superfoodeja ja huipputeknisiä luonnollisia ainesosia, jotka tarjoavat kattavia ikääntymistä ehkäiseviä hyötyjä, mukaan lukien madaltavat ryppyjen syvyyttä, kiinteyttävät ja parantavat ihon sävyä sekä kosteustasapainoa normaalissa sekä kuivassa ikääntyvässä ihossa"
True Balance Lotion,25ml/50ml,"15,90€/29,90€","Tällä tuotteella saat tasapainotettua kasvojen erilaiset tarpeet. Rasvoittuva ihoalue usein näyttää kiiltävältä suurilla huokosilla, mutta kuitenkin sekaiho voi olla hyvinkin kosteusköyhä ja kiristävän tuntuinen. Päivittäin iho altistuu erilaisille ilmansaasteille, jotka tukkivat ihohuokosia ja nopeuttavat ihon ikääntymistä.Kevyt emulsio jättää ihon mattaiseksi ja silkkisen tuntuiseksi. Säännöllisellä käytöllä ihon toiminnot tasapainottuvat ja on suojattu saasteiden vaikutuksilta. Nopeasti imeytyvä voide sopii erinomaisesti meikin alle"
Hyaluronic Eye Complex,10 ml,"21,50€","Silmänympärysseerumi sisältää eksoottista Tuberoosan kukkakasvin kantasoluja, jotka auttavat vähentämään turvotusta ja pieniä ryppyjä herkällä silmänympärysiholla, tuoden iholle kimmoisuutta ja kirkkautta. Hyaluronihappo tunnetaan kyvystään sitoa jopa 1000 kertaa oman painonsa verran vettä, joka tekee siitä erittäin tehokkaan komponentin ihon kosteutustuotteissa. Hyaluronihappo silottaa ihon silminnähden ja saakin siksi aikaan nuorekkaan ilmeen, samalla raikas kurkku-uutteen tuo raikkautta, viilennystä ja virkistystä iholle. Sopii kaikille ihotyypeille ja kaiken ikäisille ihoille"
360 Eye And Lip Contour,15ml,"34,90€","Huulten- ja silmänympärysvoiteen probiootteja sisältävä koostumus auttaa hillitsemään tulehdusta ja ihoa pääsemään tasapainotilaan. Voiteen sisältämä kofeiini auttaa vähentämään turvotusta ja tummuutta silmänympärysiholla. Luonnolliset peptidit, vihreä tee ja granaattiomena ehkäisevät juonteiden syntymistä huulten- ja silmänympärysiholla.360 Eye and Lip Contour voiteen edistyksellinen koostumus perustuu Evolven Age Smarter 360 konseptiin. Age Smarter linjan tuotteet tukevat proaktiivisesti ihon kaunista ikääntymistä elämän eri vaiheissa. 360 ajattelutapa taklaa juonteiden lisäksi pigmenttiläiskiin ja ryppyihin, tupakoinnin aiheuttamiin juonteisiin tukien ihon kimmoisuutta ja hehkua"
Hyaluronic Serum 200,10ml/30ml,"12,90€/34,90€","Supersuosittu Evolven hyaluronihapposeerumi kosteuttaa ihoa tehokkaasti sisältäpäin ja tasoittaa ihoa. Seerumi tuo eloa ja kimmoisuutta iholle! Hyaluronihappo auttaa vähentämään ryppyjä, jolloin iho näyttää nuoremmalta ja ihonsävy tasaiselta ja eloisalta. Luomu granaattiomenauute pehmentää ja suojaa ihoa. Hienovaraisesti hajustettu luomu ruusuvedellä.Hyaluronihappo voi sitoa jopa 1000 kertaa oman painonsa verran vettä, tehden siitä erittäin tehokkaan komponentin ihon kosteutustuotteissa. Tämä tehokas asiakkaidemme rakastama Evolve hyaluronihapposeerumi sisältää 200 mg hyaluronihappoa per pullo. Hyaluronihapon on todistettu kosteuttavan ihoa sisältäpäin ja tasoittavan juonteita ja ryppyjä tehokkaasti. Sopii kaikille ihotyypeille"
Rainforest Rescue Blemish Serum,30 ml,"29,90€","Tämä tuote on luonnollinen ja tehokas seerumi epäpuhtaalle sekä tukkeutuneelle iholle iästä riippumatta. Tehoseerumi on erinomainen niin rasvoittuvalle kuin sekaihollekin - se vähentämään liiallista talineritystä, jättäen ihon puhdistuneen tuntuiseksi ja suojaten ulkoisilta haittatekijöiltä. Rasvoittuva ja epäpuhdas iho voi myös olla herkkä ja helposti ärtyvä, ja siksi Rainforest Rescue seerumissa onkin käytetty vain luonnollisia ja hellävaraisia raaka-aineita vähentämään epäpuhtautta ja liiallista talintuotantoa iholla"
Superfood 360 Serum,30 ml,"39,90€","Evolve Organic Beautyn Superfood 360 Seerumi on uusi supertehokas anti-age seerumi Ageing Smarter 360 -konseptissa. Ageing Smarter huolehtii ihosta luonnollisesti jokaisessa elämänvaiheessa, työskentelemällä aktiivisesti kehon kanssa tukien viehättävää ikääntymistä. 360 -linjan tarkoitus ikääntymisen merkkien torjunnassa ei ole vain silottaa juonteita ja ryppyjä, vaan myös häivyttää pigmenttimuutokset, parantaa ihon rakennetta ja kirkkautta.Superfood 360 ilmavan kepeää seerumia voi käyttää kaiken ikäiset millaisella ihotyypillä tahansa. Tämä edistyksellisen koostumuksen omaava seerumi on pumpattu täyteen erittäin korkealaatuisilla ja tehokkailla luonnollisilla superfoodeilla, jotka tuovat kokonaisvaltaisen suojan iholle ja lisäävät nuorekkuutta, kuten parantaen ihon sävyä, kimmoisuutta ja kirkautta sekä madaltaa ryppyjä"
Bio-Retinol + C Booster,15 ml,32€,"Boosterista saat C- ja A-vitamiinin tehon vihdoin yhdessä tuotteessa. Innovatiivinen vitamiinicocktail energisoi väsynyttä ja sameaa ihoa häivyttämällä pigmenttimuutoksia, sekä tehostamalla solujen uusiutumista ja kollageenintuotantoa. Tuloksena on kirkkaampi, kiinteämpi, ravitumpi ja uudistuneempi iho. Booster sisältää bakuchiol-ainesosaa, joka on 100% luonnollinen vaihtoehto A-vitamiinijohdannaiselle retinolille. Se tarjoaa iholle retinolin kaltaiset tehokkaat vaikutukset ihoa ärsyttämättä.Ruusunmarjaöljystä saatava A-vitamiinin luonnollinen muoto, Bio-Retinol ruusunmarjaöljy sisältää retinoiinihappoa, joka tukee kollageenin ja elastaanin tuotantoa.Kolmas tähtiainesosa boosterin tehoaineyhdistelmässä on uusi öljypohjainen, innovatiivinen C-vitamiinin stabiili muoto, joka kirkastaa ihoa tehokkaasti ilman ihoärsytystä. Ascobyl tetraisopalmitate auttaa saavuttamaan parempia tuloksia jopa 25 kertaa pienemmällä pitoisuudella tavalliseen C-vitamiiniin nähden.Lisäksi C-vitamiinipitoinen tyrni sisältää runsaasti Omega 7, 3 rasvahappoja, sekä betakaroteenia, jotka auttavat edistämään ihon elastisuutta, kosteustasapainoa ja    sileyttä"
Miracle Facial Oil,10 ml,"13,90€","Kosteuttava kasvoöljy auttaa erityisesti kypsää ja kuivaa ihoa! Kosteuttava ja korjaava koostumus rauhoittaa ihoa ja tuo eloisuutta palauttamalla ihon kosteustasapainon ja kimmoisuuden. Kasvoöljy sisältää luonnollista retinolia luomu ruusunmarjasta ja antioksidantteja luomu arganöljystä, jotka uudistavat ja elvyttävät kypsää ja kuivaa ihoa. Luomu nigellaöljy ravitsee ja vähentää ihoärsytyksen merkkejä. Hienovaraisesti hajustettu elvyttävällä luomu ruusuöljyllä ja rauhoittavalla luomu vaniljalla. Todellinen tuhkimoöljy!"
Radiant Glow mask,30ml/60ml,"13,90€/22,90€","Evolve Organic Beauty Radiant Glow kuorintanaamio elvyttää, pehmentää ja suojaa ihoa. Sopii kaikille ihotyypeille. Luonnollinen sokeri-uute tekee naamiosta kermanvaalean kosketuksissa veden kanssa, joka huuhtoutuu pois helposti, jättäen ihon sileäksi, kosteutetuksi ja rauhoitetuksi. Sisältää raakakaakaota, joka sisältää runsaasti antioksidantteja auttaen ihoa säilyttämään oikean kosteustasapainon"
Miracle Mask,30ml/60ml,"14,90€/27,90€","Kuoriva hedelmähapponaamio on herkullinen sekoitus 100% luonnollisia hedelmähappoja sekoitettuna sokeriruo'osta saatavaan glykolihappoon, jotka saavat aikaan välittömästi pehmeän ja sileän ihon. Peruvian maca, tuo ikivanha energiapommi, edistää ihosolujen uusiutumista, kirkastaa ihoa sekä ehkäisee tehokkaasti ikääntymisen merkkejä samalla kun papaija toimii naamiossa luonnollisena kuorivana ainesosana. Hedelmänen tuoksu tulee raaka-aineiden luonnollisista tuoksuista. Sopii erinomaisesti kaikille ihotyypeille. Entsymaattisesti kuoriva naamio on täydellinen poistamaan ihohuokosten tukkeumia ja vähentämään tulehduksia epäpuhtaalla iholla sekä hellävarainen herkälle iholle"
Bio Retinol Gold Mask,30ml/60ml,"14,90€/34,90€","Bio Retinol Gold Mask kasvonaamion ihon kimmoisuutta lisäävä koostumus sisältää Bidens Pilosa -kasvista saatavaa Bio-Retinolia, joka toimii kohottaen, kollageenisynteesiä stimuloiden ja ihon nuorekkuutta tukien. Kultapigmenttejä ja argan-öljyä sisältävä kasvonaamio auttaa sammuttamaan kosteusköyhän ihon janon ja palauttamaan ihon hehkun"
